seed,family,tau,n,q,model,target,ISE,IAE,KL,p_hat,p_true,AE,RE
0,clayton,0.3,100,0.1,Ordinary,r,814.48920203983,0.8916891534714236,0.874870728060383,,,,
0,clayton,0.3,100,0.1,Ordinary,h,5423.931757759292,2.1004276828541344,3.880649657960695,,,,
0,clayton,0.3,100,0.1,Ordinary,c,814.4891628950293,0.089168911061635,0.08748706860136123,,,,
0,clayton,0.3,100,0.1,Tail,r,12391.9876403708,3.308316263528718,-1.1458589515460107,,,,
0,clayton,0.3,100,0.1,Tail,h,11123.469897619265,3.559312135278841,-0.9809981334019539,,,,
0,clayton,0.3,100,0.1,Tail,c,12391.987044805031,0.33083161045292125,-0.11458575703246729,,,,
0,clayton,0.3,100,0.1,Ordinary,p,,,,0.10275305273670071,0.04844870381167534,0.05430434892502537,1.1208627817188148
0,clayton,0.3,100,0.1,Tail,p,,,,0.08,0.04844870381167534,0.03155129618832466,0.651230966074294
0,clayton,0.3,500,0.044721359549995794,Ordinary,r,1780.8797161347675,0.9288536164261918,9.021581367586732,,,,
0,clayton,0.3,500,0.044721359549995794,Ordinary,h,8261.940563042475,1.981551342824483,19.68375611736,,,,
0,clayton,0.3,500,0.044721359549995794,Ordinary,c,1780.8798493829331,0.04153959965756627,0.4034574142366923,,,,
0,clayton,0.3,500,0.044721359549995794,Tail,r,1332.3424725711106,1.335302836228072,1.7452976298310157,,,,
0,clayton,0.3,500,0.044721359549995794,Tail,h,6440.382554217808,2.788736156470665,4.170024228463302,,,,
0,clayton,0.3,500,0.044721359549995794,Tail,c,1332.3425722590284,0.05971656271516969,0.0780520886654055,,,,
0,clayton,0.3,500,0.044721359549995794,Ordinary,p,,,,0.022693823344338296,0.02076293879846877,0.0019308845458695274,0.09299668821505783
0,clayton,0.3,500,0.044721359549995794,Tail,p,,,,0.024,0.02076293879846877,0.003237061201531232,0.15590573342969927
0,clayton,0.3,1000,0.03162277660168379,Ordinary,r,1780.8738281492724,0.9453727942662337,10.776799921131877,,,,
0,clayton,0.3,1000,0.03162277660168379,Ordinary,h,8442.031656176307,2.0215513189237595,23.752002614892504,,,,
0,clayton,0.3,1000,0.03162277660168379,Ordinary,c,1780.8739613969976,0.029895314915204068,0.340792361885605,,,,
0,clayton,0.3,1000,0.03162277660168379,Tail,r,1356.4649221237958,1.0508567961348396,1.9187574353674066,,,,
0,clayton,0.3,1000,0.03162277660168379,Tail,h,6603.696040142046,2.303014827628279,4.4539427503422795,,,,
0,clayton,0.3,1000,0.03162277660168379,Tail,c,1356.4650236165921,0.03323101219092858,0.0606783753724664,,,,
0,clayton,0.3,1000,0.03162277660168379,Ordinary,p,,,,0.016067254893150296,0.014524220657750744,0.0015430342353995527,0.10623869409310605
0,clayton,0.3,1000,0.03162277660168379,Tail,p,,,,0.016,0.014524220657750744,0.0014757793422492567,0.10160816039803952
0,clayton,0.3,5000,0.01414213562373095,Ordinary,r,1780.8411769049778,0.9207928668157604,11.766371627280998,,,,
0,clayton,0.3,5000,0.01414213562373095,Ordinary,h,8705.114583561808,2.0285662976387786,26.106701691524677,,,,
0,clayton,0.3,5000,0.01414213562373095,Ordinary,c,1780.8411277890148,0.013021977244723728,0.16640161876283718,,,,
0,clayton,0.3,5000,0.01414213562373095,Tail,r,869.6676514904646,0.8660548683662755,1.1191892752726516,,,,
0,clayton,0.3,5000,0.01414213562373095,Tail,h,4572.670745018194,1.953899034502179,2.7344530316499966,,,,
0,clayton,0.3,5000,0.01414213562373095,Tail,c,869.6676275048543,0.012247865068229708,0.015827743423868775,,,,
0,clayton,0.3,5000,0.01414213562373095,Ordinary,p,,,,0.006603939826122456,0.006396457851889036,0.00020748197423341944,0.03243701108296129
0,clayton,0.3,5000,0.01414213562373095,Tail,p,,,,0.007,0.006396457851889036,0.0006035421481109639,0.09435568279914838
0,clayton,0.6,100,0.1,Ordinary,r,15196.624353452778,3.015919095673894,4.833440434189786,,,,
0,clayton,0.6,100,0.1,Ordinary,h,32927.18038432966,4.377287954413901,10.064686916257145,,,,
0,clayton,0.6,100,0.1,Ordinary,c,15196.62362309461,0.30159189507271567,0.4833440201891968,,,,
0,clayton,0.6,100,0.1,Tail,r,5981.018358254292,2.0324249271612826,-0.5067508062397694,,,,
0,clayton,0.6,100,0.1,Tail,h,1245.4916468023494,1.2456687303620937,0.5532746348435094,,,,
0,clayton,0.6,100,0.1,Tail,c,5981.018070803247,0.2032424829481818,-0.04791683732548203,,,,
0,clayton,0.6,100,0.1,Ordinary,p,,,,0.1715094981213798,0.07938328535167258,0.09212621276970723,1.1605240619808406
0,clayton,0.6,100,0.1,Tail,p,,,,0.1,0.07938328535167258,0.020616714648327428,0.25971102804569224
0,clayton,0.6,500,0.044721359549995794,Ordinary,r,26222.303468129758,3.5972175456138182,30.572355570152563,,,,
0,clayton,0.6,500,0.044721359549995794,Ordinary,h,41624.87586535189,4.538069950294339,39.072917398301485,,,,
0,clayton,0.6,500,0.044721359549995794,Ordinary,c,26222.305430122917,0.16087247127367432,1.3672374080420335,,,,
0,clayton,0.6,500,0.044721359549995794,Tail,r,25680.377785922512,3.7642338129323396,15.199350164087084,,,,
0,clayton,0.6,500,0.044721359549995794,Tail,h,40820.44496563336,4.73348351358406,19.501576158190083,,,,
0,clayton,0.6,500,0.044721359549995794,Tail,c,25680.379707367967,0.1683416663739808,0.6797366498034126,,,,
0,clayton,0.6,500,0.044721359549995794,Ordinary,p,,,,0.03952312345829836,0.03549589574701596,0.004027227711282395,0.11345615109941135
0,clayton,0.6,500,0.044721359549995794,Tail,p,,,,0.038,0.03549589574701596,0.0025041042529840365,0.07054630402430538
0,clayton,0.6,1000,0.03162277660168379,Ordinary,r,26221.97870609067,3.594337601078247,30.33452000774294,,,,
0,clayton,0.6,1000,0.03162277660168379,Ordinary,h,41625.559894105616,4.530312462824394,38.97482968848927,,,,
0,clayton,0.6,1000,0.03162277660168379,Ordinary,c,26221.98066805954,0.11366294349436548,0.9592618212983136,,,,
0,clayton,0.6,1000,0.03162277660168379,Tail,r,26084.64164037498,3.6547832586804296,19.815522680092094,,,,
0,clayton,0.6,1000,0.03162277660168379,Tail,h,41429.84141665413,4.589723749014623,25.531024409263555,,,,
0,clayton,0.6,1000,0.03162277660168379,Tail,c,26084.643592068074,0.11557440316427947,0.6269878820952353,,,,
0,clayton,0.6,1000,0.03162277660168379,Ordinary,p,,,,0.029057557588019794,0.025099146706649512,0.003958410881370281,0.1577109743066118
0,clayton,0.6,1000,0.03162277660168379,Tail,p,,,,0.028,0.025099146706649512,0.002900853293350488,0.1155757734418105
0,clayton,0.6,5000,0.01414213562373095,Ordinary,r,26167.651815173303,3.4892815750493074,22.41616826413996,,,,
0,clayton,0.6,5000,0.01414213562373095,Ordinary,h,41542.65346704342,4.4025687786761845,28.474731564587923,,,,
0,clayton,0.6,5000,0.01414213562373095,Ordinary,c,26167.651093464145,0.0493458919027631,0.31701248301534607,,,,
0,clayton,0.6,5000,0.01414213562373095,Tail,r,7973.707547200231,2.2662105781146784,2.772759412259684,,,,
0,clayton,0.6,5000,0.01414213562373095,Tail,h,13331.917686318748,2.914116392447593,3.6632575253979556,,,,
0,clayton,0.6,5000,0.01414213562373095,Tail,c,7973.707327283753,0.032049056463711985,0.0392128032247135,,,,
0,clayton,0.6,5000,0.01414213562373095,Ordinary,p,,,,0.011740945933378185,0.01122462577443556,0.0005163201589426254,0.045998875091102
0,clayton,0.6,5000,0.01414213562373095,Tail,p,,,,0.0116,0.01122462577443556,0.0003753742255644399,0.03344202587309116
0,clayton,0.9,100,0.1,Ordinary,r,748721.7860555402,18.851433209985554,50.65630438812766,,,,
0,clayton,0.9,100,0.1,Ordinary,h,890757.1493271589,20.32315003873041,73.80611630185065,,,,
0,clayton,0.9,100,0.1,Ordinary,c,748721.7500715577,1.8851432303975257,5.065630195355895,,,,
0,clayton,0.9,100,0.1,Tail,r,822875.6082411422,22.03850094741139,69.19397888558491,,,,
0,clayton,0.9,100,0.1,Tail,h,901535.9380550215,22.313760375167,78.19777856670719,,,,
0,clayton,0.9,100,0.1,Tail,c,822875.5686932862,2.2038499888228857,6.919516592401769,,,,
0,clayton,0.9,100,0.1,Ordinary,p,,,,0.26487788532402656,0.09622238368941452,0.16865550163461204,1.752767860947992
0,clayton,0.9,100,0.1,Tail,p,,,,0.13,0.09622238368941452,0.033777616310585484,0.35103699384139636
0,clayton,0.9,500,0.044721359549995794,Ordinary,r,869480.9988158674,20.032822523543455,169.46067549069207,,,,
0,clayton,0.9,500,0.044721359549995794,Ordinary,h,939121.3260944126,20.79630357041259,178.49019388481034,,,,
0,clayton,0.9,500,0.044721359549995794,Ordinary,c,869481.0638717762,0.8958951259088903,7.578512365240367,,,,
0,clayton,0.9,500,0.044721359549995794,Tail,r,863408.1268452434,19.7577388173066,107.7198048725787,,,,
0,clayton,0.9,500,0.044721359549995794,Tail,h,932972.7264504376,20.520276595332522,113.3424670906238,,,,
0,clayton,0.9,500,0.044721359549995794,Tail,c,863408.1914467706,0.883593007655463,4.818179654131692,,,,
0,clayton,0.9,500,0.044721359549995794,Ordinary,p,,,,0.04821499107737445,0.04303195817731957,0.005183032900054882,0.12044613165632448
0,clayton,0.9,500,0.044721359549995794,Tail,p,,,,0.046,0.04303195817731957,0.0029680418226804284,0.06897296679946963
0,clayton,0.9,1000,0.03162277660168379,Ordinary,r,869539.7581161109,20.03564578470937,174.4418294519905,,,,
0,clayton,0.9,1000,0.03162277660168379,Ordinary,h,939187.9483547212,20.78447714217478,184.7663584099961,,,,
0,clayton,0.9,1000,0.03162277660168379,Ordinary,c,869539.8231764156,0.6335827981259701,5.516335415490022,,,,
0,clayton,0.9,1000,0.03162277660168379,Tail,r,859863.8676665607,19.644408715412418,99.27085835134399,,,,
0,clayton,0.9,1000,0.03162277660168379,Tail,h,929533.3332311406,20.41189846956771,104.86312844833489,,,,
0,clayton,0.9,1000,0.03162277660168379,Tail,c,859863.9320029004,0.621210794759603,3.1406165088212425,,,,
0,clayton,0.9,1000,0.03162277660168379,Ordinary,p,,,,0.03593485880299764,0.03042818943491857,0.0055066693680790695,0.18097262671040704
0,clayton,0.9,1000,0.03162277660168379,Tail,p,,,,0.033,0.03042818943491857,0.0025718105650814303,0.08452065708944514
0,clayton,0.9,5000,0.01414213562373095,Ordinary,r,854926.6139007808,19.7051916235796,91.13713845630258,,,,
0,clayton,0.9,5000,0.01414213562373095,Ordinary,h,926487.7710507078,20.501459953379868,99.26009475997134,,,,
0,clayton,0.9,5000,0.01414213562373095,Ordinary,c,854926.5903217309,0.27867348474639825,1.2888737368603778,,,,
0,clayton,0.9,5000,0.01414213562373095,Tail,r,160226.75566153694,8.73673119660729,11.493672550990961,,,,
0,clayton,0.9,5000,0.01414213562373095,Tail,h,159123.70121409092,8.728653627487194,11.309573244587126,,,,
0,clayton,0.9,5000,0.01414213562373095,Tail,c,160226.75124245047,0.12355603408280087,0.16304876445137886,,,,
0,clayton,0.9,5000,0.01414213562373095,Ordinary,p,,,,0.016913945256187727,0.01360790000174377,0.0033060452544439577,0.24295043717401718
0,clayton,0.9,5000,0.01414213562373095,Tail,p,,,,0.0132,0.01360790000174377,0.0004079000017437693,0.029975235098104732
0,gumbel,0.3,100,0.1,Ordinary,r,1.0582548895416475,0.26221569412236123,-0.07934141521394213,,,,
0,gumbel,0.3,100,0.1,Ordinary,h,3.6214221000026257,0.6263664084628324,0.4318435416952249,,,,
0,gumbel,0.3,100,0.1,Ordinary,c,1.0582548386813329,0.02622156815201302,-0.007934141140074989,,,,
0,gumbel,0.3,100,0.1,Tail,r,192214.86900685064,10.106264892028772,0.003524591323741787,,,,
0,gumbel,0.3,100,0.1,Tail,h,1200950.3669351463,25.45455534006506,0.570132097418847,,,,
0,gumbel,0.3,100,0.1,Tail,c,192214.8597688979,1.01062644063161,0.0003524591154347987,,,,
0,gumbel,0.3,100,0.1,Ordinary,p,,,,0.04875864503137955,0.023740792231345564,0.025017852800033984,1.053791826163336
0,gumbel,0.3,100,0.1,Tail,p,,,,0.04,0.023740792231345564,0.016259207768654436,0.6848637404436317
0,gumbel,0.3,500,0.044721359549995794,Ordinary,r,0.035374700243582115,0.10258204296127785,0.04308727240864092,,,,
0,gumbel,0.3,500,0.044721359549995794,Ordinary,h,0.8127579747332304,0.43417233161477425,0.7464095353720694,,,,
0,gumbel,0.3,500,0.044721359549995794,Ordinary,c,0.03537470289037172,0.004587608769896357,0.0019269215455906736,,,,
0,gumbel,0.3,500,0.044721359549995794,Tail,r,48.26845420906889,1.085054388035711,0.44736926319741993,,,,
0,gumbel,0.3,500,0.044721359549995794,Tail,h,962.5960431234956,4.968296717319505,3.687280837239273,,,,
0,gumbel,0.3,500,0.044721359549995794,Tail,c,48.26845782058904,0.04852511104936904,0.021317919396376304,,,,
0,gumbel,0.3,500,0.044721359549995794,Ordinary,p,,,,0.009745618690971214,0.006423254743467994,0.003322363947503219,0.5172399476887996
0,gumbel,0.3,500,0.044721359549995794,Tail,p,,,,0.01,0.006423254743467994,0.003576745256532006,0.5568431269473327
0,gumbel,0.3,1000,0.03162277660168379,Ordinary,r,0.03402127189152526,0.09032270249511407,0.04474439388360216,,,,
0,gumbel,0.3,1000,0.03162277660168379,Ordinary,h,1.0341713107055894,0.39996950995991565,0.8768132496971527,,,,
0,gumbel,0.3,1000,0.03162277660168379,Ordinary,c,0.03402127443704927,0.002856254856772715,0.0014149420778270371,,,,
0,gumbel,0.3,1000,0.03162277660168379,Tail,r,0.15533438108415712,0.18156968496694695,2.2904268998178683,,,,
0,gumbel,0.3,1000,0.03162277660168379,Tail,h,17.12758730050833,1.7354629341924084,21.172657095739368,,,,
0,gumbel,0.3,1000,0.03162277660168379,Tail,c,0.15533439270651497,0.005741738014953526,0.0808893543240799,,,,
0,gumbel,0.3,1000,0.03162277660168379,Ordinary,p,,,,0.0057743308939641165,0.0036579925019043485,0.002116338392059768,0.5785518671670332
0,gumbel,0.3,1000,0.03162277660168379,Tail,p,,,,0.003,0.0036579925019043485,0.0006579925019043484,0.1798780346219403
0,gumbel,0.3,5000,0.01414213562373095,Ordinary,r,0.004154897558683153,0.0347288364657475,0.09537558022664253,,,,
0,gumbel,0.3,5000,0.01414213562373095,Ordinary,h,0.9812638649257088,0.5406542008001823,1.1963846336683428,,,,
0,gumbel,0.3,5000,0.01414213562373095,Ordinary,c,0.004154897444090234,0.0004911399018072355,0.0013863108328315654,,,,
0,gumbel,0.3,5000,0.01414213562373095,Tail,r,0.007060486486655205,0.07550086080886273,1.8931248666444889,,,,
0,gumbel,0.3,5000,0.01414213562373095,Tail,h,1.4416476287031523,1.078857664064572,29.92074678275651,,,,
0,gumbel,0.3,5000,0.01414213562373095,Tail,c,0.007060486291925553,0.001067743383818789,0.03131991621776444,,,,
0,gumbel,0.3,5000,0.01414213562373095,Ordinary,p,,,,0.0008285703628049585,0.0009896981305621633,0.00016112776775720477,0.16280496323225527
0,gumbel,0.3,5000,0.01414213562373095,Tail,p,,,,0.0002,0.0009896981305621633,0.0007896981305621633,0.7979181794691307
0,gumbel,0.6,100,0.1,Ordinary,r,1361.1375857344208,1.0151044167463967,-0.17538728668054315,,,,
0,gumbel,0.6,100,0.1,Ordinary,h,437.6957560038478,1.0513397440003003,0.9411565272661194,,,,
0,gumbel,0.6,100,0.1,Ordinary,c,1361.1375203173973,0.10151043679599177,-0.017538727825133327,,,,
0,gumbel,0.6,100,0.1,Tail,r,17387.887885459764,4.606319495085873,-0.3340225892720656,,,,
0,gumbel,0.6,100,0.1,Tail,h,26493.08264501024,5.854742409110077,-0.11347061235640178,,,,
0,gumbel,0.6,100,0.1,Tail,c,17387.88704978827,0.4606319273703612,-0.03340225732187555,,,,
0,gumbel,0.6,100,0.1,Ordinary,p,,,,0.15103195301902939,0.047917272458842405,0.10311468056018698,2.1519313447724993
0,gumbel,0.6,100,0.1,Tail,p,,,,0.08,0.047917272458842405,0.032082727541157596,0.6695441099806844
0,gumbel,0.6,500,0.044721359549995794,Ordinary,r,3.8851808225930076,0.25430991872753617,0.2596871448440961,,,,
0,gumbel,0.6,500,0.044721359549995794,Ordinary,h,27.032322399592488,0.4183855903681309,1.1199914227388799,,,,
0,gumbel,0.6,500,0.044721359549995794,Ordinary,c,3.8851811132882244,0.011373086163496129,0.011613563044029286,,,,
0,gumbel,0.6,500,0.044721359549995794,Tail,r,16.41909000330521,0.7956777176448356,0.007303072160666829,,,,
0,gumbel,0.6,500,0.044721359549995794,Tail,h,96.94485455262502,2.00356769728183,0.1146295821680729,,,,
0,gumbel,0.6,500,0.044721359549995794,Tail,c,16.41909123180683,0.035583791959148695,0.00032660334035370997,,,,
0,gumbel,0.6,500,0.044721359549995794,Ordinary,p,,,,0.023877961519682456,0.016570814823818114,0.007307146695864342,0.440964839300563
0,gumbel,0.6,500,0.044721359549995794,Tail,p,,,,0.018,0.016570814823818114,0.0014291851761818845,0.08624712733664977
0,gumbel,0.6,1000,0.03162277660168379,Ordinary,r,2.996844030615553,0.206423117061143,0.45907397393690874,,,,
0,gumbel,0.6,1000,0.03162277660168379,Ordinary,h,26.777252733505613,0.35117946357766905,1.7492249712700012,,,,
0,gumbel,0.6,1000,0.03162277660168379,Ordinary,c,2.996844254844043,0.0065276726046582375,0.014517194807652886,,,,
0,gumbel,0.6,1000,0.03162277660168379,Tail,r,17.818087116321035,0.4366164517002537,0.011775853390338813,,,,
0,gumbel,0.6,1000,0.03162277660168379,Tail,h,78.1589105771475,1.0426025362111115,0.3680853822284258,,,,
0,gumbel,0.6,1000,0.03162277660168379,Tail,c,17.818088449497786,0.013807025545799843,0.00037807329003047043,,,,
0,gumbel,0.6,1000,0.03162277660168379,Ordinary,p,,,,0.01440380993215669,0.010489097777367597,0.003914712154789094,0.37321724307269755
0,gumbel,0.6,1000,0.03162277660168379,Tail,p,,,,0.014,0.010489097777367597,0.0035109022226324036,0.3347191814922255
0,gumbel,0.6,5000,0.01414213562373095,Ordinary,r,1.7869348945235912,0.13737680443102324,0.4446772324095439,,,,
0,gumbel,0.6,5000,0.01414213562373095,Ordinary,h,26.792613760295104,0.41332191326859413,1.955332600213165,,,,
0,gumbel,0.6,5000,0.01414213562373095,Ordinary,c,1.7869348452395633,0.0019428013462354364,0.006288685556077865,,,,
0,gumbel,0.6,5000,0.01414213562373095,Tail,r,5.062521613634406,0.2833844719717942,0.2642107321415799,,,,
0,gumbel,0.6,5000,0.01414213562373095,Tail,h,100.61830567062832,1.2074175662889288,0.8095047385277543,,,,
0,gumbel,0.6,5000,0.01414213562373095,Tail,c,5.0625214740090305,0.004007661525752371,0.003736503904137932,,,,
0,gumbel,0.6,5000,0.01414213562373095,Ordinary,p,,,,0.004389910957487053,0.0036273537290123,0.0007625572284747527,0.2102241152760117
0,gumbel,0.6,5000,0.01414213562373095,Tail,p,,,,0.003,0.0036273537290123,0.0006273537290122999,0.17295079991636864
0,gumbel,0.9,100,0.1,Ordinary,r,1277.8371690888296,1.0990177856567278,1.394399107834799,,,,
0,gumbel,0.9,100,0.1,Ordinary,h,2065.1122451626143,1.3482627178878526,2.451614378880993,,,,
0,gumbel,0.9,100,0.1,Ordinary,c,1277.8371076752687,0.1099017732837326,0.13944493259120044,,,,
0,gumbel,0.9,100,0.1,Tail,r,4885.727599648958,1.8840642903881202,-0.014576080253024079,,,,
0,gumbel,0.9,100,0.1,Tail,h,3835.2232323518733,1.7820417845223575,0.3237945116041585,,,,
0,gumbel,0.9,100,0.1,Tail,c,4885.727364838192,0.18840641998389493,0.0011015615577277978,,,,
0,gumbel,0.9,100,0.1,Ordinary,p,,,,0.12531798045132755,0.08476694616990973,0.04055103428141782,0.4783826257010127
0,gumbel,0.9,100,0.1,Tail,p,,,,0.1,0.08476694616990973,0.01523305383009027,0.17970511524098817
0,gumbel,0.9,500,0.044721359549995794,Ordinary,r,1652.2359180349513,1.0846635013586587,5.184229322855317,,,,
0,gumbel,0.9,500,0.044721359549995794,Ordinary,h,2582.099062052633,1.193911588106053,6.930305339506817,,,,
0,gumbel,0.9,500,0.044721359549995794,Ordinary,c,1652.2360416577897,0.048507630064433316,0.23189807266955637,,,,
0,gumbel,0.9,500,0.044721359549995794,Tail,r,1527.5001391673793,1.2121091613468369,2.7768329217595964,,,,
0,gumbel,0.9,500,0.044721359549995794,Tail,h,2397.4617707764337,1.5101690583800211,3.592897753815951,,,,
0,gumbel,0.9,500,0.044721359549995794,Tail,c,1527.5002534572948,0.05420717367429975,0.12418477278632198,,,,
0,gumbel,0.9,500,0.044721359549995794,Ordinary,p,,,,0.04466608383764891,0.03578143770239987,0.008884646135249044,0.2483032182536687
0,gumbel,0.9,500,0.044721359549995794,Tail,p,,,,0.038,0.03578143770239987,0.0022185622976001323,0.062003162535063064
0,gumbel,0.9,1000,0.03162277660168379,Ordinary,r,1535.8635239791688,1.045266356286933,4.822184321501788,,,,
0,gumbel,0.9,1000,0.03162277660168379,Ordinary,h,2523.4852261418114,1.1526971773598544,6.66806377181623,,,,
0,gumbel,0.9,1000,0.03162277660168379,Ordinary,c,1535.8636388948448,0.033054226947285735,0.15254537754550498,,,,
0,gumbel,0.9,1000,0.03162277660168379,Tail,r,1469.5797210207818,1.1930457174129327,2.9809134693788844,,,,
0,gumbel,0.9,1000,0.03162277660168379,Tail,h,2428.5506415736495,1.492230014827977,4.145485347436376,,,,
0,gumbel,0.9,1000,0.03162277660168379,Tail,c,1469.5798309770016,0.03772742102016833,0.09426980404969046,,,,
0,gumbel,0.9,1000,0.03162277660168379,Ordinary,p,,,,0.031441158164280114,0.024679696020556172,0.006761462143723942,0.27396861525734334
0,gumbel,0.9,1000,0.03162277660168379,Tail,p,,,,0.029,0.024679696020556172,0.004320303979443829,0.1750549915949276
0,gumbel,0.9,5000,0.01414213562373095,Ordinary,r,1309.0553494699257,0.9291559403183939,7.055904084485935,,,,
0,gumbel,0.9,5000,0.01414213562373095,Ordinary,h,2412.216052547744,1.1742726378728923,9.841211654748257,,,,
0,gumbel,0.9,5000,0.01414213562373095,Ordinary,c,1309.0553133659118,0.013140248961167228,0.0997926018653614,,,,
0,gumbel,0.9,5000,0.01414213562373095,Tail,r,855.9111310210088,1.0328646245297666,1.3538437083200303,,,,
0,gumbel,0.9,5000,0.01414213562373095,Tail,h,1603.2453875851525,1.402698830702251,1.9098196530590048,,,,
0,gumbel,0.9,5000,0.01414213562373095,Tail,c,855.9111074148054,0.014606911198192313,0.019152264177388252,,,,
0,gumbel,0.9,5000,0.01414213562373095,Ordinary,p,,,,0.011883894853013915,0.01041768101334724,0.0014662138396666757,0.14074282345448544
0,gumbel,0.9,5000,0.01414213562373095,Tail,p,,,,0.0108,0.01041768101334724,0.0003823189866527608,0.0366990490650395
0,gaussian,0.3,100,0.1,Ordinary,r,9.649115763451482,0.29931662519742985,-0.08568492924710244,,,,
0,gaussian,0.3,100,0.1,Ordinary,h,17.38754239523629,0.636569588258237,0.4749732288561142,,,,
0,gaussian,0.3,100,0.1,Ordinary,c,9.649115299709653,0.02993166108121076,-0.008568492512903743,,,,
0,gaussian,0.3,100,0.1,Tail,r,62087.62266504243,5.764660701391881,-0.15563988106650956,,,,
0,gaussian,0.3,100,0.1,Tail,h,247429.47662260992,11.646452771021583,0.05563420748760021,,,,
0,gaussian,0.3,100,0.1,Tail,c,62087.619681077034,0.5764660424339104,-0.01556398735863709,,,,
0,gaussian,0.3,100,0.1,Ordinary,p,,,,0.05897541161358474,0.029660487997247995,0.029314923616336742,0.9883493359602405
0,gaussian,0.3,100,0.1,Tail,p,,,,0.05,0.029660487997247995,0.020339512002752008,0.6857443479904707
0,gaussian,0.3,500,0.044721359549995794,Ordinary,r,0.3103157659754873,0.13529446310019655,0.23081342763634913,,,,
0,gaussian,0.3,500,0.044721359549995794,Ordinary,h,6.516601801183679,0.4446842730791609,1.4911257816308296,,,,
0,gaussian,0.3,500,0.044721359549995794,Ordinary,c,0.31031578919379127,0.0060505527821391805,0.010322291058621778,,,,
0,gaussian,0.3,500,0.044721359549995794,Tail,r,44.6535145870194,1.1648100993917663,0.9352659907966404,,,,
0,gaussian,0.3,500,0.044721359549995794,Tail,h,619.9621474284601,4.422978777246491,4.977356117208143,,,,
0,gaussian,0.3,500,0.044721359549995794,Tail,c,44.6535179280642,0.052091895159961134,0.0452355738736295,,,,
0,gaussian,0.3,500,0.044721359549995794,Ordinary,p,,,,0.01287329315680203,0.009240647715296112,0.003632645441505919,0.39311588899691247
0,gaussian,0.3,500,0.044721359549995794,Tail,p,,,,0.012,0.009240647715296112,0.0027593522847038886,0.29861026734482177
0,gaussian,0.3,1000,0.03162277660168379,Ordinary,r,0.24038135554474374,0.11244254123691863,0.17618511497271,,,,
0,gaussian,0.3,1000,0.03162277660168379,Ordinary,h,6.856244405474855,0.3966427759281442,1.3409926206297806,,,,
0,gaussian,0.3,1000,0.03162277660168379,Ordinary,c,0.24038137353044745,0.003555745628107045,0.005571462948189398,,,,
0,gaussian,0.3,1000,0.03162277660168379,Tail,r,0.507961110155353,0.2551023161273137,4.372415268581575,,,,
0,gaussian,0.3,1000,0.03162277660168379,Tail,h,40.692175457498,1.8458855268589374,25.965233664378783,,,,
0,gaussian,0.3,1000,0.03162277660168379,Tail,c,0.5079611481617863,0.008067044157054793,0.15493297481628662,,,,
0,gaussian,0.3,1000,0.03162277660168379,Ordinary,p,,,,0.0076227784688684555,0.005610574684711753,0.002012203784156703,0.35864486211007124
0,gaussian,0.3,1000,0.03162277660168379,Tail,p,,,,0.003,0.005610574684711753,0.0026105746847117526,0.46529541649722694
0,gaussian,0.3,5000,0.01414213562373095,Ordinary,r,0.11359835809704688,0.0683276760440401,0.2880388944361928,,,,
0,gaussian,0.3,5000,0.01414213562373095,Ordinary,h,7.136367954819628,0.5064015116988149,2.3798843452739944,,,,
0,gaussian,0.3,5000,0.01414213562373095,Ordinary,c,0.11359835496398106,0.0009662992348184376,0.004073484997678615,,,,
0,gaussian,0.3,5000,0.01414213562373095,Tail,r,8.374056824080501,0.4291051548343759,0.1558352092460047,,,,
0,gaussian,0.3,5000,0.01414213562373095,Tail,h,1160.59051290629,4.716080502807772,0.7959158346606164,,,,
0,gaussian,0.3,5000,0.01414213562373095,Tail,c,8.374056593122312,0.006068463129140361,0.002203842603327061,,,,
0,gaussian,0.3,5000,0.01414213562373095,Ordinary,p,,,,0.001899254032995317,0.0017713574538342253,0.00012789657916109165,0.07220258050358537
0,gaussian,0.3,5000,0.01414213562373095,Tail,p,,,,0.0012,0.0017713574538342253,0.0005713574538342254,0.32255344769486405
0,gaussian,0.6,100,0.1,Ordinary,r,775.3184740600396,0.8038725856789257,-0.3859968196992564,,,,
0,gaussian,0.6,100,0.1,Ordinary,h,20.606670134357113,0.6624681569414246,0.7656501328249739,,,,
0,gaussian,0.6,100,0.1,Ordinary,c,775.318436797805,0.08038725470443653,-0.038599680114803615,,,,
0,gaussian,0.6,100,0.1,Tail,r,6371.000363401098,4.4116020304067085,-0.4963131139528618,,,,
0,gaussian,0.6,100,0.1,Tail,h,6703.355900880295,4.913045739234463,-0.22371899660902864,,,,
0,gaussian,0.6,100,0.1,Tail,c,6371.000057207301,0.44116018183826783,-0.04963130900997789,,,,
0,gaussian,0.6,100,0.1,Ordinary,p,,,,0.15764480012893523,0.05721524932246236,0.10042955080647287,1.7552934225709096
0,gaussian,0.6,100,0.1,Tail,p,,,,0.09,0.05721524932246236,0.03278475067753764,0.5730072151353284
0,gaussian,0.6,500,0.044721359549995794,Ordinary,r,110.02603832298405,0.41424547852076077,1.127292151292852,,,,
0,gaussian,0.6,500,0.044721359549995794,Ordinary,h,446.7533039914988,0.6288422732003631,2.663280265096349,,,,
0,gaussian,0.6,500,0.044721359549995794,Ordinary,c,110.02604655530187,0.018525622373002527,0.050414041387911904,,,,
0,gaussian,0.6,500,0.044721359549995794,Tail,r,94.24832485526171,0.7079117721895027,0.48742011260262263,,,,
0,gaussian,0.6,500,0.044721359549995794,Tail,h,389.4877407767293,1.31593789903292,1.2086682476312873,,,,
0,gaussian,0.6,500,0.044721359549995794,Tail,c,94.24833190706666,0.03165877926251996,0.02179809173856804,,,,
0,gaussian,0.6,500,0.044721359549995794,Ordinary,p,,,,0.029181162279913044,0.02219726437895208,0.006983897900960965,0.3146287660376405
0,gaussian,0.6,500,0.044721359549995794,Tail,p,,,,0.026,0.02219726437895208,0.0038027356210479195,0.17131550789897132
0,gaussian,0.6,1000,0.03162277660168379,Ordinary,r,100.20361467842075,0.3674207264266229,2.121209539785052,,,,
0,gaussian,0.6,1000,0.03162277660168379,Ordinary,h,456.9749231767293,0.5805565335549127,4.873851782748147,,,,
0,gaussian,0.6,1000,0.03162277660168379,Ordinary,c,100.20362217580968,0.011618864419958757,0.06707854042090264,,,,
0,gaussian,0.6,1000,0.03162277660168379,Tail,r,58.817076516975675,0.45376609131583806,0.39073568544175613,,,,
0,gaussian,0.6,1000,0.03162277660168379,Tail,h,280.0639774271431,0.9701235838631942,0.9462195910526505,,,,
0,gaussian,0.6,1000,0.03162277660168379,Tail,c,58.81708091776005,0.014349344808740018,0.012356321966835344,,,,
0,gaussian,0.6,1000,0.03162277660168379,Ordinary,p,,,,0.018793647827621766,0.014805107922917601,0.003988539904704165,0.2694029604829895
0,gaussian,0.6,1000,0.03162277660168379,Tail,p,,,,0.016,0.014805107922917601,0.001194892077082399,0.08070809637481689
0,gaussian,0.6,5000,0.01414213562373095,Ordinary,r,79.65979284607555,0.309444170029894,2.1103880971312035,,,,
0,gaussian,0.6,5000,0.01414213562373095,Ordinary,h,471.8977270678286,0.6491687375474765,5.346613702913152,,,,
0,gaussian,0.6,5000,0.01414213562373095,Ordinary,c,79.65979064904225,0.004376201299839098,0.029845393865194914,,,,
0,gaussian,0.6,5000,0.01414213562373095,Tail,r,56.75879928404464,0.47241777543531116,0.41057241075271794,,,,
0,gaussian,0.6,5000,0.01414213562373095,Tail,h,343.543825690094,1.1325958257931341,1.0938730125989606,,,,
0,gaussian,0.6,5000,0.01414213562373095,Tail,c,56.758797718625445,0.006680996067004207,0.005806516233442126,,,,
0,gaussian,0.6,5000,0.01414213562373095,Ordinary,p,,,,0.00671040027246562,0.005809185172212919,0.0009012151002527015,0.155136232283227
0,gaussian,0.6,5000,0.01414213562373095,Tail,p,,,,0.0062,0.005809185172212919,0.0003908148277870808,0.06727532626373588
0,gaussian,0.9,100,0.1,Ordinary,r,4915.096420359865,1.9318736274422954,2.2236996642771705,,,,
0,gaussian,0.9,100,0.1,Ordinary,h,10680.180574451284,2.719489324169064,5.316887805139432,,,,
0,gaussian,0.9,100,0.1,Ordinary,c,4915.096184137618,0.19318735345953822,0.22236995574050653,,,,
0,gaussian,0.9,100,0.1,Tail,r,2964.074556094973,1.7130822743880896,1.810614683790105,,,,
0,gaussian,0.9,100,0.1,Tail,h,5961.82673291544,2.188246947185318,3.0838250539862924,,,,
0,gaussian,0.9,100,0.1,Tail,c,2964.074413639913,0.17130821920564088,0.1812787719638069,,,,
0,gaussian,0.9,100,0.1,Ordinary,p,,,,0.19843218680560068,0.08902086020339049,0.10941132660221019,1.229052677678384
0,gaussian,0.9,100,0.1,Tail,p,,,,0.12,0.08902086020339049,0.030979139796609503,0.3479986570094906
0,gaussian,0.9,500,0.044721359549995794,Ordinary,r,11071.305044318986,2.316325518692224,14.768061632290461,,,,
0,gaussian,0.9,500,0.044721359549995794,Ordinary,h,14691.07517297558,2.604831001770731,17.630207784389,,,,
0,gaussian,0.9,500,0.044721359549995794,Ordinary,c,11071.305872691099,0.10358923410697107,0.6604478435298995,,,,
0,gaussian,0.9,500,0.044721359549995794,Tail,r,10869.27423944961,2.597024846716315,10.119726711245702,,,,
0,gaussian,0.9,500,0.044721359549995794,Tail,h,14427.1750348925,2.988920771580522,11.758975461472163,,,,
0,gaussian,0.9,500,0.044721359549995794,Tail,c,10869.275052705463,0.11614249062023262,0.45272897929535255,,,,
0,gaussian,0.9,500,0.044721359549995794,Ordinary,p,,,,0.046427555004055016,0.03882863031290094,0.007598924691154078,0.19570416545518246
0,gaussian,0.9,500,0.044721359549995794,Tail,p,,,,0.04,0.03882863031290094,0.0011713696870990636,0.03016767981923566
0,gaussian,0.9,1000,0.03162277660168379,Ordinary,r,10693.838210702066,2.313986927956585,14.292126949241828,,,,
0,gaussian,0.9,1000,0.03162277660168379,Ordinary,h,14476.416598827425,2.6078482565954877,17.360939864200205,,,,
0,gaussian,0.9,1000,0.03162277660168379,Ordinary,c,10693.839010831527,0.07317469715703086,0.4519567714949427,,,,
0,gaussian,0.9,1000,0.03162277660168379,Tail,r,10462.69195123147,2.4596666092752297,9.73210451137883,,,,
0,gaussian,0.9,1000,0.03162277660168379,Tail,h,14189.960600569053,2.8576924667023853,11.661848772722221,,,,
0,gaussian,0.9,1000,0.03162277660168379,Tail,c,10462.692734066211,0.07778149351946248,0.3083129136330123,,,,
0,gaussian,0.9,1000,0.03162277660168379,Ordinary,p,,,,0.03363228536943714,0.027184599043469995,0.006447686325967143,0.2371815863701672
0,gaussian,0.9,1000,0.03162277660168379,Tail,p,,,,0.03,0.027184599043469995,0.0028154009565300037,0.10356602839821138
0,gaussian,0.9,5000,0.01414213562373095,Ordinary,r,9839.661720372762,2.136623309917668,11.009540909393904,,,,
0,gaussian,0.9,5000,0.01414213562373095,Ordinary,h,13915.353588352918,2.4997143954210124,13.464765886638691,,,,
0,gaussian,0.9,5000,0.01414213562373095,Ordinary,c,9839.661448992896,0.03021641579230565,0.15569841640973756,,,,
0,gaussian,0.9,5000,0.01414213562373095,Tail,r,3073.861905937077,1.5198811665208831,1.8560289356345483,,,,
0,gaussian,0.9,5000,0.01414213562373095,Tail,h,4402.4109224031745,1.8158027249493354,2.235573644190933,,,,
0,gaussian,0.9,5000,0.01414213562373095,Tail,c,3073.8618211593416,0.02149436499607377,0.026254082395981346,,,,
0,gaussian,0.9,5000,0.01414213562373095,Ordinary,p,,,,0.01329026727726136,0.01189737357055478,0.0013928937067065796,0.11707573091206451
0,gaussian,0.9,5000,0.01414213562373095,Tail,p,,,,0.012,0.01189737357055478,0.00010262642944522046,0.008625973525721186
0,student,0.3,100,0.1,Ordinary,r,133.84883570281212,0.4893154058822423,0.255440453425927,,,,
0,student,0.3,100,0.1,Ordinary,h,1814.128513964653,1.4387026120849706,2.2386077407940976,,,,
0,student,0.3,100,0.1,Ordinary,c,133.84882926996306,0.04893153823654735,0.025544044114931767,,,,
0,student,0.3,100,0.1,Tail,r,144570.5143341444,8.330498891542538,-1.06791345472119,,,,
0,student,0.3,100,0.1,Tail,h,555875.3722291567,16.49408826479782,-2.291143548131949,,,,
0,student,0.3,100,0.1,Tail,c,144570.50738600572,0.8330498491174159,-0.10678740498740336,,,,
0,student,0.3,100,0.1,Ordinary,p,,,,0.07495354649865994,0.03583813721233354,0.039115409286326404,1.0914464960769503
0,student,0.3,100,0.1,Tail,p,,,,0.05,0.03583813721233354,0.014161862787666464,0.39516179939153534
0,student,0.3,500,0.044721359549995794,Ordinary,r,352.6749938022467,0.4581823524459156,4.1236677816119505,,,,
0,student,0.3,500,0.044721359549995794,Ordinary,h,3730.9319104063106,1.4507639897367344,13.753350846418764,,,,
0,student,0.3,500,0.044721359549995794,Ordinary,c,352.6750201899336,0.02049053925633031,0.1844160433244932,,,,
0,student,0.3,500,0.044721359549995794,Tail,r,386.56559261414117,1.298015747686061,1.66687389138027,,,,
0,student,0.3,500,0.044721359549995794,Tail,h,4074.1424758807607,4.177921541350706,5.462755366894445,,,,
0,student,0.3,500,0.044721359549995794,Tail,c,386.5656215375749,0.058049033297142796,0.07455338352687593,,,,
0,student,0.3,500,0.044721359549995794,Ordinary,p,,,,0.01600537447189104,0.013748962397961221,0.002256412073929818,0.16411508073252223
0,student,0.3,500,0.044721359549995794,Tail,p,,,,0.014,0.013748962397961221,0.00025103760203877903,0.01825865798251106
0,student,0.3,1000,0.03162277660168379,Ordinary,r,351.99216806711746,0.46239987303749547,4.732573538747549,,,,
0,student,0.3,1000,0.03162277660168379,Ordinary,h,4101.612453830397,1.4770834481286572,16.522038213708786,,,,
0,student,0.3,1000,0.03162277660168379,Ordinary,c,351.99219440371434,0.014622368979779778,0.14965712696442998,,,,
0,student,0.3,1000,0.03162277660168379,Tail,r,219.37651823968906,0.7313922142583288,0.6491820766261444,,,,
0,student,0.3,1000,0.03162277660168379,Tail,h,2631.329245407437,2.4462589244980064,2.3921008197262648,,,,
0,student,0.3,1000,0.03162277660168379,Tail,c,219.37653465377835,0.023128654330223423,0.020533671153463207,,,,
0,student,0.3,1000,0.03162277660168379,Ordinary,p,,,,0.010866302566065545,0.009263681027828196,0.001602621538237349,0.17300050956234966
0,student,0.3,1000,0.03162277660168379,Tail,p,,,,0.01,0.009263681027828196,0.0007363189721718046,0.07948449109591474
0,student,0.3,5000,0.01414213562373095,Ordinary,r,350.88729674429777,0.43665809417430884,6.988851973736486,,,,
0,student,0.3,5000,0.01414213562373095,Ordinary,h,4830.331898239072,1.6218622590045744,25.919107798457688,,,,
0,student,0.3,5000,0.01414213562373095,Ordinary,c,350.88728706675477,0.006175277818697536,0.09883728974080855,,,,
0,student,0.3,5000,0.01414213562373095,Tail,r,322.70672102335413,0.5730387089574603,1.3429479498241812,,,,
0,student,0.3,5000,0.01414213562373095,Tail,h,4372.223621275788,2.160277380673412,4.561472490513582,,,,
0,student,0.3,5000,0.01414213562373095,Tail,c,322.7067121230371,0.008103990916214374,0.01899215151821758,,,,
0,student,0.3,5000,0.01414213562373095,Ordinary,p,,,,0.003793701764260148,0.003811628812759292,1.7927048499143984e-05,0.004703251386686402
0,student,0.3,5000,0.01414213562373095,Tail,p,,,,0.0032,0.003811628812759292,0.0006116288127592916,0.16046389688100948
0,student,0.6,100,0.1,Ordinary,r,250.22445963859963,0.5901190789787926,0.2984113524890856,,,,
0,student,0.6,100,0.1,Ordinary,h,4189.465071293419,1.8905538991712987,3.157931342461452,,,,
0,student,0.6,100,0.1,Ordinary,c,250.2244476126739,0.059011905061734385,0.029841133814727118,,,,
0,student,0.6,100,0.1,Tail,r,1382.4234033205948,1.5254054250166236,-0.6080622107785376,,,,
0,student,0.6,100,0.1,Tail,h,130.36846504083093,0.8919592046211794,0.3849220546547543,,,,
0,student,0.6,100,0.1,Tail,c,1382.423336880564,0.15254053517047964,-0.06080212007878652,,,,
0,student,0.6,100,0.1,Ordinary,p,,,,0.15841168510341702,0.06130112533465947,0.09711055976875754,1.5841562326728043
0,student,0.6,100,0.1,Tail,p,,,,0.1,0.06130112533465947,0.038698874665340534,0.6312914233478241
0,student,0.6,500,0.044721359549995794,Ordinary,r,2984.1575494073254,1.2684864746788305,7.645255900857913,,,,
0,student,0.6,500,0.044721359549995794,Ordinary,h,9110.869298424168,2.0544230469852893,13.997615855284986,,,,
0,student,0.6,500,0.044721359549995794,Ordinary,c,2984.1577726865944,0.05672844396292793,0.34190626357594556,,,,
0,student,0.6,500,0.044721359549995794,Tail,r,2719.774037744866,1.497838189309001,3.4408289850143716,,,,
0,student,0.6,500,0.044721359549995794,Tail,h,8369.107573283345,2.589018630907832,6.27463212304129,,,,
0,student,0.6,500,0.044721359549995794,Tail,c,2719.774241242551,0.06698536522375043,0.15387856170230516,,,,
0,student,0.6,500,0.044721359549995794,Ordinary,p,,,,0.031841863252723625,0.025598679130338933,0.0062431841223846915,0.2438869634873239
0,student,0.6,500,0.044721359549995794,Tail,p,,,,0.028,0.025598679130338933,0.0024013208696610673,0.09380643655223132
0,student,0.6,1000,0.03162277660168379,Ordinary,r,2985.591992827425,1.271194248020074,9.337999807820875,,,,
0,student,0.6,1000,0.03162277660168379,Ordinary,h,9518.746760793514,2.1587385710401676,17.34885344815379,,,,
0,student,0.6,1000,0.03162277660168379,Ordinary,c,2985.5922162140205,0.04019869473021229,0.29529634355523143,,,,
0,student,0.6,1000,0.03162277660168379,Tail,r,2910.3433125204383,1.387558918779193,4.9013747352643,,,,
0,student,0.6,1000,0.03162277660168379,Tail,h,9305.845078760896,2.468109686719716,9.113528588667426,,,,
0,student,0.6,1000,0.03162277660168379,Tail,c,2910.3435302768107,0.04387846899328277,0.1549952132497252,,,,
0,student,0.6,1000,0.03162277660168379,Ordinary,p,,,,0.022220841372546346,0.01771094415278385,0.004509897219762495,0.25463900630354697
0,student,0.6,1000,0.03162277660168379,Tail,p,,,,0.02,0.01771094415278385,0.0022890558472161496,0.12924527498192975
0,student,0.6,5000,0.01414213562373095,Ordinary,r,2981.303496257904,1.2123862486425427,10.377674900560116,,,,
0,student,0.6,5000,0.01414213562373095,Ordinary,h,10252.274782077096,2.1798649015948413,19.586203362427295,,,,
0,student,0.6,5000,0.01414213562373095,Ordinary,c,2981.303414032947,0.017145730283766487,0.14676782537150412,,,,
0,student,0.6,5000,0.01414213562373095,Tail,r,2336.1781407243066,1.3299088261684682,2.435265944288856,,,,
0,student,0.6,5000,0.01414213562373095,Tail,h,8267.768512028471,2.448407218051075,4.882930215546956,,,,
0,student,0.6,5000,0.01414213562373095,Tail,c,2336.178076292039,0.018807750468149708,0.034439860314127844,,,,
0,student,0.6,5000,0.01414213562373095,Ordinary,p,,,,0.008528942390143209,0.00762621565796185,0.0009027267321813585,0.11837151906908142
0,student,0.6,5000,0.01414213562373095,Tail,p,,,,0.0086,0.00762621565796185,0.0009737843420381496,0.1276890643685782
0,student,0.9,100,0.1,Ordinary,r,45065.49003672544,4.946006906452435,8.423768986461777,,,,
0,student,0.9,100,0.1,Ordinary,h,76924.80813430951,6.361002314230321,16.39933634476423,,,,
0,student,0.9,100,0.1,Ordinary,c,45065.4878708531,0.49460066687446114,0.8423773279935166,,,,
0,student,0.9,100,0.1,Tail,r,50988.88939173042,5.377494027625969,10.117239780190904,,,,
0,student,0.9,100,0.1,Tail,h,69439.98450329222,6.149770144646647,13.286764380849837,,,,
0,student,0.9,100,0.1,Tail,c,50988.88694117627,0.5377493769180633,1.0117401915387276,,,,
0,student,0.9,100,0.1,Ordinary,p,,,,0.2405338225767058,0.09009733682640712,0.15043648575029867,1.669710682349563
0,student,0.9,100,0.1,Tail,p,,,,0.12,0.09009733682640712,0.029902663173592872,0.3318928641720799
0,student,0.9,500,0.044721359549995794,Ordinary,r,74011.11371896433,5.806592474338059,42.61925028921868,,,,
0,student,0.9,500,0.044721359549995794,Ordinary,h,93586.84497114764,6.525099616071219,49.146778549457366,,,,
0,student,0.9,500,0.044721359549995794,Ordinary,c,74011.11925658998,0.2596787292347335,1.9059914090274432,,,,
0,student,0.9,500,0.044721359549995794,Tail,r,72178.76492755499,6.096068743312612,24.319025086336104,,,,
0,student,0.9,500,0.044721359549995794,Tail,h,91485.70165709476,6.831637176907283,28.077455146285732,,,,
0,student,0.9,500,0.044721359549995794,Tail,c,72178.77032808149,0.2726245025093582,1.0875811770962671,,,,
0,student,0.9,500,0.044721359549995794,Ordinary,p,,,,0.04708916604140111,0.03977286730317628,0.007316298738224834,0.1839520063377616
0,student,0.9,500,0.044721359549995794,Tail,p,,,,0.044,0.03977286730317628,0.004227132696823718,0.10628181932676847
0,student,0.9,1000,0.03162277660168379,Ordinary,r,73977.79835524515,5.838407918945853,43.21794953863846,,,,
0,student,0.9,1000,0.03162277660168379,Ordinary,h,94314.50430361046,6.577544664308041,50.23438128636159,,,,
0,student,0.9,1000,0.03162277660168379,Ordinary,c,73977.80389037811,0.1846266831443782,1.3666720688289926,,,,
0,student,0.9,1000,0.03162277660168379,Tail,r,73458.79834217421,5.966106412936118,31.43378795867113,,,,
0,student,0.9,1000,0.03162277660168379,Tail,h,93687.98897171745,6.728317713272314,35.99032886811328,,,,
0,student,0.9,1000,0.03162277660168379,Tail,c,73458.80383847472,0.18866486439434674,0.9953348342923364,,,,
0,student,0.9,1000,0.03162277660168379,Ordinary,p,,,,0.03413659020253366,0.028008744920356547,0.006127845282177111,0.218783287134135
0,student,0.9,1000,0.03162277660168379,Tail,p,,,,0.03,0.028008744920356547,0.0019912550796434524,0.07109404885172926
0,student,0.9,5000,0.01414213562373095,Ordinary,r,73241.51841450967,5.682970015927068,29.447790782977076,,,,
0,student,0.9,5000,0.01414213562373095,Ordinary,h,94801.94488930725,6.472181542465273,34.37436817372161,,,,
0,student,0.9,5000,0.01414213562373095,Ordinary,c,73241.51639449372,0.0803693304942345,0.41645513788739236,,,,
0,student,0.9,5000,0.01414213562373095,Tail,r,38766.13361608482,4.474763632161327,7.545647025602242,,,,
0,student,0.9,5000,0.01414213562373095,Tail,h,50005.96398114727,5.083117720102782,8.558539250113679,,,,
0,student,0.9,5000,0.01414213562373095,Tail,c,38766.132546907,0.0632827124248143,0.10698055239043079,,,,
0,student,0.9,5000,0.01414213562373095,Ordinary,p,,,,0.014046364251910751,0.012437428548884884,0.0016089357030258673,0.12936240772777113
0,student,0.9,5000,0.01414213562373095,Tail,p,,,,0.0124,0.012437428548884884,3.742854888488453e-05,0.0030093478517502965
1,clayton,0.3,100,0.1,Ordinary,r,1781.2652604054997,1.0718662202052907,15.61978326056563,,,,
1,clayton,0.3,100,0.1,Ordinary,h,7588.437831022286,2.1414250182066747,30.642291388491362,,,,
1,clayton,0.3,100,0.1,Ordinary,c,1781.265174796908,0.10718661686908085,1.5619782509870208,,,,
1,clayton,0.3,100,0.1,Tail,r,1794.6005068270085,1.4581923651721882,43.16329452957012,,,,
1,clayton,0.3,100,0.1,Tail,h,7920.865759602811,3.3790072087684573,91.07028655256605,,,,
1,clayton,0.3,100,0.1,Tail,c,1794.600420577516,0.14581922950906578,4.622794303496201,,,,
1,clayton,0.3,100,0.1,Ordinary,p,,,,0.02715722449103593,0.04844870381167534,0.02129147932063941,0.4394643745971283
1,clayton,0.3,100,0.1,Tail,p,,,,0.02,0.04844870381167534,0.02844870381167534,0.5871922584814265
1,clayton,0.3,500,0.044721359549995794,Ordinary,r,1780.964773482779,0.9986412771053396,13.76398022946633,,,,
1,clayton,0.3,500,0.044721359549995794,Ordinary,h,8262.326355128098,2.0597541186413517,28.814531429723903,,,,
1,clayton,0.3,500,0.044721359549995794,Ordinary,c,1780.9649067373089,0.044660598956469504,0.6155439547369415,,,,
1,clayton,0.3,500,0.044721359549995794,Tail,r,1781.040133408125,1.0683407320727836,16.523952139309785,,,,
1,clayton,0.3,500,0.044721359549995794,Tail,h,8262.801545284921,2.365707044120294,34.0440524383544,,,,
1,clayton,0.3,500,0.044721359549995794,Tail,c,1781.0402666682946,0.04777765357573009,0.7393144347105309,,,,
1,clayton,0.3,500,0.044721359549995794,Ordinary,p,,,,0.015484468733927703,0.02076293879846877,0.005278470064541066,0.2542255754725022
1,clayton,0.3,500,0.044721359549995794,Tail,p,,,,0.012,0.02076293879846877,0.008762938798468768,0.42204713328515037
1,clayton,0.3,1000,0.03162277660168379,Ordinary,r,415.96811047662914,0.5349388604409517,0.6203094518601427,,,,
1,clayton,0.3,1000,0.03162277660168379,Ordinary,h,4459.238231261407,1.8575496932030675,3.169748201817272,,,,
1,clayton,0.3,1000,0.03162277660168379,Ordinary,c,415.96814160000457,0.016916253344983586,0.01961590868777864,,,,
1,clayton,0.3,1000,0.03162277660168379,Tail,r,64958.95306647178,6.233914697643601,-1.2300525138411407,,,,
1,clayton,0.3,1000,0.03162277660168379,Tail,h,335394.73752623843,14.135803622344675,-2.7757684429181237,,,,
1,clayton,0.3,1000,0.03162277660168379,Tail,c,64958.957926800744,0.1971337065873834,-0.03847290370396463,,,,
1,clayton,0.3,1000,0.03162277660168379,Ordinary,p,,,,0.027466491098133507,0.014524220657750744,0.012942270440382764,0.8910819207002488
1,clayton,0.3,1000,0.03162277660168379,Tail,p,,,,0.014,0.014524220657750744,0.0005242206577507433,0.036092859651715416
1,clayton,0.3,5000,0.01414213562373095,Ordinary,r,1780.9259293479201,1.0215512483631366,10.815601361702537,,,,
1,clayton,0.3,5000,0.01414213562373095,Ordinary,h,8705.655003963555,2.251673677322638,23.790094194150956,,,,
1,clayton,0.3,5000,0.01414213562373095,Ordinary,c,1780.9258802296204,0.014446915902494245,0.1529556970908571,,,,
1,clayton,0.3,5000,0.01414213562373095,Tail,r,1279.541694017016,1.2494608225080528,1.7592076316490566,,,,
1,clayton,0.3,5000,0.01414213562373095,Tail,h,6110.673966971873,2.7843957282716074,3.704983058194631,,,,
1,clayton,0.3,5000,0.01414213562373095,Tail,c,1279.541658726996,0.01767004392110389,0.02487895223091691,,,,
1,clayton,0.3,5000,0.01414213562373095,Ordinary,p,,,,0.006130482008083214,0.006396457851889036,0.000265975843805822,0.04158173945088571
1,clayton,0.3,5000,0.01414213562373095,Tail,p,,,,0.006,0.006396457851889036,0.0003964578518890361,0.061980843315015674
1,clayton,0.6,100,0.1,Ordinary,r,26227.820603136388,3.7217505837285123,38.874535543038846,,,,
1,clayton,0.6,100,0.1,Ordinary,h,41619.37213732218,4.622045578903644,46.73803004836275,,,,
1,clayton,0.6,100,0.1,Ordinary,c,26227.81934261285,0.3721750404859123,3.8874533674707195,,,,
1,clayton,0.6,100,0.1,Tail,r,26263.24142113681,4.27671516530762,142.94867470272888,,,,
1,clayton,0.6,100,0.1,Tail,h,42489.49852689377,6.0921124404939375,181.2403602187745,,,,
1,clayton,0.6,100,0.1,Tail,c,26263.24015891094,0.42767149597663245,15.235396245178398,,,,
1,clayton,0.6,100,0.1,Ordinary,p,,,,0.0515063781688836,0.07938328535167258,0.027876907182788978,0.35116847405965446
1,clayton,0.6,100,0.1,Tail,p,,,,0.02,0.07938328535167258,0.059383285351672574,0.7480577943908615
1,clayton,0.6,500,0.044721359549995794,Ordinary,r,26227.61627067845,3.708134020976492,42.27460727942067,,,,
1,clayton,0.6,500,0.044721359549995794,Ordinary,h,41631.96476892094,4.600591304026562,51.39580311533951,,,,
1,clayton,0.6,500,0.044721359549995794,Ordinary,c,26227.618233069126,0.1658328072195268,1.8905780534340122,,,,
1,clayton,0.6,500,0.044721359549995794,Tail,r,26228.3109143874,3.830988602936182,56.3665007721328,,,,
1,clayton,0.6,500,0.044721359549995794,Tail,h,41633.106497995796,4.705466801794833,67.5158639528131,,,,
1,clayton,0.6,500,0.044721359549995794,Tail,c,26228.312876830045,0.17132703156279677,2.521260236934984,,,,
1,clayton,0.6,500,0.044721359549995794,Ordinary,p,,,,0.024727220445024487,0.03549589574701596,0.010768675301991475,0.30337804062591567
1,clayton,0.6,500,0.044721359549995794,Tail,p,,,,0.018,0.03549589574701596,0.017495895747015964,0.4928991191463817
1,clayton,0.6,1000,0.03162277660168379,Ordinary,r,10234.04551630336,2.3912769164794723,3.453571192691234,,,,
1,clayton,0.6,1000,0.03162277660168379,Ordinary,h,29702.054265088776,4.185009857739631,8.904028099232418,,,,
1,clayton,0.6,1000,0.03162277660168379,Ordinary,c,10234.04628203042,0.07561882138050999,0.10921151847824519,,,,
1,clayton,0.6,1000,0.03162277660168379,Tail,r,218234.11889962322,10.728054938600389,-3.766306413146569,,,,
1,clayton,0.6,1000,0.03162277660168379,Tail,h,710646.720590649,18.97212500554171,-6.181314820494331,,,,
1,clayton,0.6,1000,0.03162277660168379,Tail,c,218234.13522823656,0.33925091007722497,-0.11897845608568981,,,,
1,clayton,0.6,1000,0.03162277660168379,Ordinary,p,,,,0.06063316826176193,0.025099146706649512,0.03553402155511242,1.4157461992800895
1,clayton,0.6,1000,0.03162277660168379,Tail,p,,,,0.019,0.025099146706649512,0.006099146706649513,0.24300215373591433
1,clayton,0.6,5000,0.01414213562373095,Ordinary,r,26227.03976277134,3.622517340324405,37.33881246971316,,,,
1,clayton,0.6,5000,0.01414213562373095,Ordinary,h,41632.98250379208,4.555056657957498,46.67755340673272,,,,
1,clayton,0.6,5000,0.01414213562373095,Ordinary,c,26227.039039424246,0.05123013011324743,0.5280505354320455,,,,
1,clayton,0.6,5000,0.01414213562373095,Tail,r,22695.184415171876,3.447895471191041,9.232504998073617,,,,
1,clayton,0.6,5000,0.01414213562373095,Tail,h,34703.08713712022,4.213395496115599,10.492057089169105,,,,
1,clayton,0.6,5000,0.01414213562373095,Tail,c,22695.183789234074,0.04876060402520401,0.13056895629389156,,,,
1,clayton,0.6,5000,0.01414213562373095,Ordinary,p,,,,0.01045554394563204,0.01122462577443556,0.0007690818288035185,0.06851736924318018
1,clayton,0.6,5000,0.01414213562373095,Tail,p,,,,0.009,0.01122462577443556,0.00222462577443556,0.1981915316501879
1,clayton,0.9,100,0.1,Ordinary,r,869701.7521998201,20.055740256724707,205.47975476492581,,,,
1,clayton,0.9,100,0.1,Ordinary,h,939314.6775325929,20.901433158989533,207.50084101112532,,,,
1,clayton,0.9,100,0.1,Ordinary,c,869701.7104014733,2.005573929283476,20.547974488945645,,,,
1,clayton,0.9,100,0.1,Tail,r,869744.2003805216,19.94788525483809,737.3177890763197,,,,
1,clayton,0.9,100,0.1,Tail,h,939383.031692952,20.91970190784892,766.3403893424864,,,,
1,clayton,0.9,100,0.1,Tail,c,869744.1585801346,1.9947884296131713,78.12867330193816,,,,
1,clayton,0.9,100,0.1,Ordinary,p,,,,0.0720494131803141,0.09622238368941452,0.024172970509100417,0.25121982622178274
1,clayton,0.9,100,0.1,Tail,p,,,,0.05,0.09622238368941452,0.04622238368941452,0.4803703869840783
1,clayton,0.9,500,0.044721359549995794,Ordinary,r,869725.8549056491,20.008521621602302,231.43330924095017,,,,
1,clayton,0.9,500,0.044721359549995794,Ordinary,h,939350.0154363819,20.837345545620142,234.63354019588508,,,,
1,clayton,0.9,500,0.044721359549995794,Ordinary,c,869725.919979878,0.8948083564544771,10.350013008813796,,,,
1,clayton,0.9,500,0.044721359549995794,Tail,r,869738.1447185975,19.84166996541465,303.51213712974607,,,,
1,clayton,0.9,500,0.044721359549995794,Tail,h,939365.0948033972,20.606230876989407,301.4218092973934,,,,
1,clayton,0.9,500,0.044721359549995794,Tail,c,869738.2097937466,0.8873465229882906,13.576087087880646,,,,
1,clayton,0.9,500,0.044721359549995794,Ordinary,p,,,,0.032469477894195214,0.04303195817731957,0.010562480283124356,0.24545664967418143
1,clayton,0.9,500,0.044721359549995794,Tail,p,,,,0.022,0.04303195817731957,0.021031958177319572,0.4887520593567754
1,clayton,0.9,1000,0.03162277660168379,Ordinary,r,623968.1434696801,17.041790086851787,36.57232319265809,,,,
1,clayton,0.9,1000,0.03162277660168379,Ordinary,h,867316.5278468712,20.010240956087138,66.50775994121994,,,,
1,clayton,0.9,1000,0.03162277660168379,Ordinary,c,623968.1901559385,0.5389087611312848,1.1565184926585064,,,,
1,clayton,0.9,1000,0.03162277660168379,Tail,r,398474.7814701673,17.420426498994754,-8.157342294777171,,,,
1,clayton,0.9,1000,0.03162277660168379,Tail,h,1001692.6983532741,26.140148190577403,-12.582891809949384,,,,
1,clayton,0.9,1000,0.03162277660168379,Tail,c,398474.81128466484,0.5508822967016234,-0.25761828611384385,,,,
1,clayton,0.9,1000,0.03162277660168379,Ordinary,p,,,,0.11900231376676361,0.03042818943491857,0.08857412433184504,2.9109232582271147
1,clayton,0.9,1000,0.03162277660168379,Tail,p,,,,0.025,0.03042818943491857,0.00542818943491857,0.1783934415989052
1,clayton,0.9,5000,0.01414213562373095,Ordinary,r,869542.3384918743,19.844056955729066,175.9565326708152,,,,
1,clayton,0.9,5000,0.01414213562373095,Ordinary,h,939153.8951002591,20.623266493172334,182.47492086772175,,,,
1,clayton,0.9,5000,0.01414213562373095,Ordinary,c,869542.3145097197,0.2806373370529269,2.488401080281507,,,,
1,clayton,0.9,5000,0.01414213562373095,Tail,r,754963.7111325487,18.244601350372356,52.29003411877559,,,,
1,clayton,0.9,5000,0.01414213562373095,Tail,h,781831.9060227674,18.492608527634022,49.1285675027744,,,,
1,clayton,0.9,5000,0.01414213562373095,Tail,c,754963.6903104963,0.2580176195816922,0.7406617660521987,,,,
1,clayton,0.9,5000,0.01414213562373095,Ordinary,p,,,,0.013356599919102395,0.01360790000174377,0.0002513000826413741,0.018467219968486798
1,clayton,0.9,5000,0.01414213562373095,Tail,p,,,,0.0106,0.01360790000174377,0.003007900001743769,0.22104071909393258
